CODIGO,DISTRITO,DEPARTAMENTO,MUNICIPIO,ESTABLECIMIENTO,DIRECCION,TELEFONO,SUPERVISOR,DIRECTOR,NIVEL,SECTOR,AREA,STATUS,MODALIDAD,JORNADA,PLAN,DEPARTAMENTAL
01-01-1239-44,01-403,GUATEMALA,GUATEMALA,EOPA NO.34,ALDEA CANALITOS ZONA 17,58250659,CARLOS HUMBERTO GONZALEZ DE LEON,,PRIMARIA DE ADULTOS,OFICIAL,RURAL,CERRADA TEMPORALMENTE,MONOLINGUE,NOCTURNA,DIARIO(REGULAR),GUATEMALA NORTE
01-02-4338-44,25-000,GUATEMALA,SANTA CATARINA PINULA,INSTITUTO GUATEMALTECO DE EDUCACION RADIOFONICA (IGER),SANTA CATARINA PINULA,,SONIA HAYDEE REYES MONTERROSO,,PRIMARIA DE ADULTOS,PRIVADO,URBANA,CERRADA TEMPORALMENTE,MONOLINGUE,MATUTINA,A DISTANCIA,GUATEMALA ORIENTE
01-03-1306-44,01-405,GUATEMALA,SAN JOSE PINULA,EOPA NO.57,"1A CALLE 8-36, ZONA 2, SAN JOSE PINULA, GUATEMALA",50502259,BLANCA SARAI GUTIERREZ PINEDA,MIRNA ARACELY MONZÓN GUILLERMO DE PINEDA,PRIMARIA DE ADULTOS,OFICIAL,URBANA,ABIERTA,MONOLINGUE,NOCTURNA,DIARIO(REGULAR),GUATEMALA ORIENTE
01-03-1307-44,01-405,GUATEMALA,SAN JOSE PINULA,EPPA BR. MIGUEL ANGEL CIFUENTES MENDEZ,5A CALLE 3-22 ZONA 2,66348335,BLANCA SARAI GUTIERREZ PINEDA,,PRIMARIA DE ADULTOS,PRIVADO,URBANA,ABIERTA,MONOLINGUE,MATUTINA,FIN DE SEMANA,GUATEMALA ORIENTE
01-03-2422-44,01-405,GUATEMALA,SAN JOSE PINULA,EOPA NO.48 'JUAN JOSE OROZCO POSADAS',"SAN JOSE PINULA, GUATEMALA",,BLANCA SARAI GUTIERREZ PINEDA,,PRIMARIA DE ADULTOS,OFICIAL,URBANA,CERRADA TEMPORALMENTE,MONOLINGUE,VESPERTINA,DIARIO(REGULAR),GUATEMALA ORIENTE
01-03-4342-44,25-000,GUATEMALA,SAN JOSE PINULA,INSTITUTO GUATEMALTECO DE EDUCACION RADIOFONICA (IGER),2A. AVENIDA 1-39 ZONA 4 PARROQUIA SAN JOSE PINULA,,SONIA HAYDEE REYES MONTERROSO,,PRIMARIA DE ADULTOS,PRIVADO,URBANA,CERRADA TEMPORALMENTE,MONOLINGUE,MATUTINA,A DISTANCIA,GUATEMALA ORIENTE
01-03-8251-44,01-405,GUATEMALA,SAN JOSE PINULA,CENTRO EDUCATIVO INTEGRAL EL SABER,2A. CALLE 1-40 ZONA 2 SAN JOSE PINULA,50620000,BLANCA SARAI GUTIERREZ PINEDA,,PRIMARIA DE ADULTOS,PRIVADO,URBANA,ABIERTA,MONOLINGUE,DOBLE,FIN DE SEMANA,GUATEMALA ORIENTE
01-05-0015-44,01-407,GUATEMALA,PALENCIA,LICEO NUESTRA SEÑORA DEL CASTILLO,"3A. CALLE LOTE 7, MANZANA E, RESIDENCIALES LA JOYA DE PALENCIA",,CARLOS HUMBERTO GONZALEZ DE LEON,FRANCISCO PEREZ JAVIER,PRIMARIA DE ADULTOS,PRIVADO,URBANA,CERRADA TEMPORALMENTE,MONOLINGUE,DOBLE,FIN DE SEMANA,GUATEMALA NORTE
01-05-0051-44,01-108,GUATEMALA,PALENCIA,COLEGIO GUATEMALTECO TIKAL,"KILOMETRO 33 CALLE REAL ZONA 0, ALDEA LOS MIXCOS",42545421,PEDRO ADOLFO LUCERO ROSALES,GRISELDA DEL CARMEN MORALES DEL CID,PRIMARIA DE ADULTOS,PRIVADO,RURAL,ABIERTA,MONOLINGUE,DOBLE,FIN DE SEMANA,GUATEMALA NORTE
01-05-0065-44,01-107,GUATEMALA,PALENCIA,ESCUELA OFICIAL PARA ADULTOS,CENTRO CIVICO CALLE REAL,49198987,ISMAILIA ALVIZURIS COTTO,ARACELY MONTENEGRO HUERTAS DE GOMEZ,PRIMARIA DE ADULTOS,OFICIAL,URBANA,ABIERTA,MONOLINGUE,NOCTURNA,DIARIO(REGULAR),GUATEMALA NORTE
01-05-0104-44,01-108,GUATEMALA,PALENCIA,COLEGIO GUATEMALTECO TIKAL NO. 2,"3A. CALLE 4-112, CANTÓN AGUA TIBIA",37278044,PEDRO ADOLFO LUCERO ROSALES,GRISELDA DEL CARMEN MORALES DEL CID,PRIMARIA DE ADULTOS,PRIVADO,URBANA,CERRADA TEMPORALMENTE,MONOLINGUE,DOBLE,FIN DE SEMANA,GUATEMALA NORTE
01-05-4340-44,25-000,GUATEMALA,PALENCIA,INSTITUTO GUATEMALTECO DE EDUCACION RADIOFONICA (IGER),JOYA DE LOS CEDROS,,SONIA HAYDEE REYES MONTERROSO,,PRIMARIA DE ADULTOS,PRIVADO,URBANA,CERRADA TEMPORALMENTE,MONOLINGUE,MATUTINA,A DISTANCIA,GUATEMALA NORTE
01-06-0019-44,01-407,GUATEMALA,CHINAUTLA,LICEO MIXTO CRISTIANO REMANENTE ESCOGIDO,1A. AVENIDA Y 7A. AVENIDA LOTES 12 Y 14 COLONIA RICH,22868034,CARLOS HUMBERTO GONZALEZ DE LEON,MIRIAM ESTELA GONZALEZ,PRIMARIA DE ADULTOS,PRIVADO,RURAL,CERRADA TEMPORALMENTE,MONOLINGUE,NOCTURNA,DIARIO(REGULAR),GUATEMALA NORTE
01-06-0051-44,01-643,GUATEMALA,CHINAUTLA,COLEGIO MIXTO SAN FERNANDO,"SECTOR 1, MANZANA B LOTES 31 Y 32, COLONIA PLANES DEL MILAGRO",22605662,CESAR AUGUSTO ORTIZ HERNANDEZ,HILDA ARACELY GONZALEZ MARROQUIN,PRIMARIA DE ADULTOS,PRIVADO,RURAL,ABIERTA,MONOLINGUE,DOBLE,FIN DE SEMANA,GUATEMALA NORTE
01-06-0053-44,01-103,GUATEMALA,CHINAUTLA,ESCUELA OFICIAL PARA ADULTOS TIERRA NUEVA I,SECTOR 43 LOTE 0 COLONIA TIERRA NUEVA I,24837931,CARMEN AZUCENA MARTINEZ MARTINEZ,CLAUDIA NOEMI MATIAS MOGOLLON,PRIMARIA DE ADULTOS,OFICIAL,RURAL,ABIERTA,MONOLINGUE,NOCTURNA,DIARIO(REGULAR),GUATEMALA NORTE
01-06-0063-44,01-643,GUATEMALA,CHINAUTLA,INSTITUTO NACIONAL PC. BRENDA ELIZABETH DEL CID MEDRANO,ALDEA EL DURAZNO,52005370,CESAR AUGUSTO ORTIZ HERNANDEZ,MARILENA IVETTE MOLINA DIAZ,PRIMARIA DE ADULTOS,OFICIAL,RURAL,ABIERTA,MONOLINGUE,DOBLE,FIN DE SEMANA,GUATEMALA NORTE
01-06-0067-44,01-643,GUATEMALA,CHINAUTLA,ESCUELA NACIONAL DE EDUCACION PRIMARIA ACELERADA PARA ADULTOS,CANTON CENTRAL SANTA CRUZ,54143806,CESAR AUGUSTO ORTIZ HERNANDEZ,BLANCA AZUCENA LASTRO LASTRO DE LOPEZ,PRIMARIA DE ADULTOS,OFICIAL,URBANA,ABIERTA,MONOLINGUE,DOBLE,FIN DE SEMANA,GUATEMALA NORTE
01-06-0080-44,01-403,GUATEMALA,CHINAUTLA,INSTITUTO OFICIAL DE EDUCACION BASICA Y DIVERSIFICADO ARQUITECTO GUSTAVO ARNOLDO MEDRANO OSORIO,"ALDEA EL DURAZNO, CASERIO LA LAGUNETA",59452370,CARLOS HUMBERTO GONZALEZ DE LEON,BRENDA PATRICIA LOPEZ SANTOS,PRIMARIA DE ADULTOS,OFICIAL,RURAL,CERRADA TEMPORALMENTE,MONOLINGUE,DOBLE,FIN DE SEMANA,GUATEMALA NORTE
01-06-0083-44,01-103,GUATEMALA,CHINAUTLA,INSTITUTO NACIONAL MARIA BELEN MEDRANO GARCIA,"1ERA. AVENIDA SECTOR 3, COLONIA NUEVA CHINAUTLA",56303726,CARMEN AZUCENA MARTINEZ MARTINEZ,JORGE ESTUARDO MONROY FERNANDEZ,PRIMARIA DE ADULTOS,OFICIAL,URBANA,ABIERTA,MONOLINGUE,DOBLE,FIN DE SEMANA,GUATEMALA NORTE
01-06-0090-44,01-103,GUATEMALA,CHINAUTLA,ESCUELA OFICIAL PARA ADULTOS PLAN FIN DE SEMANA TIERRA NUEVA I,"SECTOR 43 LOTE 0 TIERRA NUEVA I GUATEMALA, CHINAUTLA",24837931,CARMEN AZUCENA MARTINEZ MARTINEZ,MARTA LUCRECIA MOLINA SEP,PRIMARIA DE ADULTOS,OFICIAL,URBANA,ABIERTA,MONOLINGUE,DOBLE,FIN DE SEMANA,GUATEMALA NORTE
01-06-0105-44,01-643,GUATEMALA,CHINAUTLA,COLEGIO VALLE DEL QUETZAL II,"SECTOR 3, MANZANA J, LOTES 4 AL 6 ZONA 0, VILLAS DEL MILAGRO",24849501,CESAR AUGUSTO ORTIZ HERNANDEZ,JULIO DAVID MARROQUIN,PRIMARIA DE ADULTOS,PRIVADO,RURAL,ABIERTA,MONOLINGUE,DOBLE,FIN DE SEMANA,GUATEMALA NORTE
01-06-0145-44,01-103,GUATEMALA,CHINAUTLA,EOPA ESCUELA OFICIAL PARA ADULTOS SAN ANTONIO LAS FLORES,PLAZA CENTRAL ALDEA SAN ANTONIO LAS FLORES GUATEMALA,58158227,CARMEN AZUCENA MARTINEZ MARTINEZ,NELSON GABRIEL MUZ SIPAC,PRIMARIA DE ADULTOS,OFICIAL,RURAL,ABIERTA,MONOLINGUE,DOBLE,FIN DE SEMANA,GUATEMALA NORTE
01-06-1394-44,01-403,GUATEMALA,CHINAUTLA,ESCUELA OFICIAL PARA ADULTOS NO.27,15 AVENIDA FINAL JOCOTALES,42170999,CARLOS HUMBERTO GONZALEZ DE LEON,,PRIMARIA DE ADULTOS,OFICIAL,URBANA,ABIERTA,MONOLINGUE,NOCTURNA,DIARIO(REGULAR),GUATEMALA NORTE
01-06-9652-44,,GUATEMALA,CHINAUTLA,COLEGIO MIXTO UXMAL,"3A. AVENIDA Y 4A. CALLE 2-37, JOCOTALES",52570776,,,PRIMARIA DE ADULTOS,PRIVADO,URBANA,CERRADA TEMPORALMENTE,MONOLINGUE,DOBLE,FIN DE SEMANA,GUATEMALA NORTE
01-07-4331-44,25-000,GUATEMALA,SAN PEDRO AYAMPUC,INSTITUTO GUATEMALTECO DE EDUCACION RADIOFONICA (IGER),SAN JOSE NACAHUIL,,SONIA HAYDEE REYES MONTERROSO,,PRIMARIA DE ADULTOS,PRIVADO,URBANA,CERRADA TEMPORALMENTE,MONOLINGUE,MATUTINA,A DISTANCIA,GUATEMALA NORTE
01-07-8101-44,,GUATEMALA,SAN PEDRO AYAMPUC,LICEO AMERICANO TECNOLOGICO DE COMPUTACION,LOTE # 3 Y 4 MANZ. 'N' SECTOR II LOMAS DE SAN JOSE,2553550 cel 3043123/2053380,,,PRIMARIA DE ADULTOS,PRIVADO,URBANA,CERRADA TEMPORALMENTE,MONOLINGUE,MATUTINA,FIN DE SEMANA,GUATEMALA NORTE
01-08-0020-44,01-603,GUATEMALA,MIXCO,LICEO MIXTO JUVENTUD GUATEMALTECA,"MANZANA ""T"" LOTE 20 SECTOR II, COLONIA SAN JOSE LAS ROSAS ZONA 6",24351982,ROSA ALBELIA ARDON DE MOTTA,EDGAR JOSE GARCIA SARMIENTO,PRIMARIA DE ADULTOS,PRIVADO,URBANA,ABIERTA,MONOLINGUE,DOBLE,FIN DE SEMANA,GUATEMALA OCCIDENTE
01-08-0080-44,01-410,GUATEMALA,MIXCO,COLEGIO INTEGRAL COMPETITIVO,1A. CALLE 2-35 ZONA 4 DE MIXCO COLONIA MONTE VERDE,24333306-24342926,CEDWIN EUGENIO CRUZ BUCARO,SERGIO LEONEL AZURDIA MONTENEGRO,PRIMARIA DE ADULTOS,PRIVADO,URBANA,CERRADA TEMPORALMENTE,MONOLINGUE,DOBLE,FIN DE SEMANA,GUATEMALA OCCIDENTE
01-08-0096-44,01-409,GUATEMALA,MIXCO,"CENTRO EDUCATIVO ""CASTILLO ESPAÑA""","4A. CALLE ""A"" 13-60, SECTOR B-2, ZONA 8, CIUDAD SAN CRISTOBAL I",24430875,DELMY CONSUELO GARCIA DONIS DE GOMEZ,MARIA CIRILIA GONZALEZ YOC,PRIMARIA DE ADULTOS,PRIVADO,URBANA,CERRADA TEMPORALMENTE,MONOLINGUE,MATUTINA,FIN DE SEMANA,GUATEMALA OCCIDENTE
01-08-0099-44,01-403,GUATEMALA,MIXCO,LICEO CANADIENSE SOCIEDAD ANONIMA,"9A. AVENIDA 0-55 COLONIA ALVARADO, ZONA 2",23750060,CARLOS HUMBERTO GONZALEZ DE LEON,ISIDRA MARLENE VILLATORO MERIDA,PRIMARIA DE ADULTOS,PRIVADO,URBANA,CERRADA TEMPORALMENTE,MONOLINGUE,DOBLE,FIN DE SEMANA,GUATEMALA OCCIDENTE
01-08-0138-44,01-603,GUATEMALA,MIXCO,COLEGIO EN COMPUTACION SAN JOSE NO. 2,8A AVENIDA 9-42 ZONA 1,24385908,ROSA ALBELIA ARDON DE MOTTA,MARÍA ELIZABETH BALÁN GÓMEZ,PRIMARIA DE ADULTOS,PRIVADO,URBANA,ABIERTA,MONOLINGUE,DOBLE,FIN DE SEMANA,GUATEMALA OCCIDENTE
01-08-0182-44,01-603,GUATEMALA,MIXCO,CENTRO EDUCATIVO JUAN PABLO II,"FINCA EL SEMINARIO COLONIA PABLO VI, CASA 77 ZONA 7",58772157,ROSA ALBELIA ARDON DE MOTTA,LIDIA PATRICIA RODAS FLORES,PRIMARIA DE ADULTOS,PRIVADO,URBANA,ABIERTA,MONOLINGUE,DOBLE,FIN DE SEMANA,GUATEMALA OCCIDENTE
01-08-0198-44,01-409,GUATEMALA,MIXCO,INSTITUTO MIXTO EL EDEN,"BOULEVARD EL CAMINERO 11-85, SAN JOSE LAS ROSAS, ZONA 6",24845698,DELMY CONSUELO GARCIA DONIS DE GOMEZ,PACA GARCIA SANDOVAL,PRIMARIA DE ADULTOS,PRIVADO,URBANA,ABIERTA,MONOLINGUE,DOBLE,FIN DE SEMANA,GUATEMALA OCCIDENTE
01-08-0201-44,01-213,GUATEMALA,MIXCO,CENTRO DE EDUCACION EXTRAESCOLAR -PEAC-,4AV B 0-69 ZONA 2 COLONIA COTIO,41409698,LILIANA LETICIA DUBON ESPINOZA,RUBEN ANTONIO GOMEZ PATZAN,PRIMARIA DE ADULTOS,OFICIAL,URBANA,CERRADA TEMPORALMENTE,MONOLINGUE,DOBLE,A DISTANCIA,GUATEMALA OCCIDENTE
01-08-0202-44,01-211,GUATEMALA,MIXCO,CENTRO DE EDUCACION EXTRAESCOLAR -PEAC-,4TA. AVENIDA B 0-69 ZONA 2,41409698,CARLOS ALBERTO ALTAN ORELLANA,RUBEN ANTONIO GOMEZ PATZAN,PRIMARIA DE ADULTOS,OFICIAL,URBANA,CERRADA TEMPORALMENTE,MONOLINGUE,DOBLE,DIARIO(REGULAR),GUATEMALA OCCIDENTE
01-08-0203-44,01-639,GUATEMALA,MIXCO,CENTRO DE EDUCACION EXTRAESCOLAR -PEAC-,4TA. AVENIDA B 0-069 ZONA 2,22505227,ANDREA VANESSA ALDANA VILLAGRAN DE CASTRO,ANDREA VANESSA ALDANA VILLAGRAN DE CASTRO,PRIMARIA DE ADULTOS,OFICIAL,URBANA,CERRADA TEMPORALMENTE,MONOLINGUE,DOBLE,FIN DE SEMANA,GUATEMALA OCCIDENTE
01-08-0233-44,01-603,GUATEMALA,MIXCO,LICEO INTEGRAL BILINGUE LAN-DER,5A AVENIDA 2-24 ZONA 1,34503564,ROSA ALBELIA ARDON DE MOTTA,ROSSANA VERONICA TELON OTZOY,PRIMARIA DE ADULTOS,PRIVADO,URBANA,ABIERTA,MONOLINGUE,DOBLE,FIN DE SEMANA,GUATEMALA OCCIDENTE
01-08-0314-44,01-609,GUATEMALA,MIXCO,COLEGIO PRIVADO DE EDUCACIÓN ESPECIAL HOGAR NAZARET,8VA. CALLE 12-33 ZONA 8 CIUDAD SAN CRISTÓBAL SECTOR A-10,24781704,SILVIA HORTENSIA GONZALEZ MARTINEZ,CARLOS OSBERTO ACEITUNO GODOY,PRIMARIA DE ADULTOS,PRIVADO,URBANA,ABIERTA,MONOLINGUE,DOBLE,DIARIO(REGULAR),GUATEMALA OCCIDENTE
01-08-0355-44,01-604,GUATEMALA,MIXCO,COLEGIO DE INFORMÁTICA JUSTO RUFINO BAUTISTA,16 CALLE 9-18 ZONA 7 COLONIA SAN IGNACIO,24362485,EMORA EMPERATRIZ CRUZ DE FUENTES,WILHEM JUSTO RUFINO BAUTISTA MORALES,PRIMARIA DE ADULTOS,PRIVADO,URBANA,ABIERTA,MONOLINGUE,DOBLE,FIN DE SEMANA,GUATEMALA OCCIDENTE
01-08-0367-44,01-603,GUATEMALA,MIXCO,INSTITUTO TECNOLÓGICO EN EDUCACIÓN INTEGRAL MIXCO A LA VANGUARDIA,3RA. CALLE 8-12 ZONA,54485839,ROSA ALBELIA ARDON DE MOTTA,NORA ELIZABETH CRISPÍN FLORES,PRIMARIA DE ADULTOS,PRIVADO,URBANA,ABIERTA,MONOLINGUE,DOBLE,FIN DE SEMANA,GUATEMALA OCCIDENTE
01-08-0427-44,01-409,GUATEMALA,MIXCO,CENTRO EDUCATIVO SAN JOSÉ,"5A. AVENIDA 16-86, COLONIA COLINAS DE MINERVA ZONA 11",44477567,DELMY CONSUELO GARCIA DONIS DE GOMEZ,MIRIAM MENDEZ VASQUEZ DE CARIAS,PRIMARIA DE ADULTOS,PRIVADO,URBANA,ABIERTA,MONOLINGUE,DOBLE,FIN DE SEMANA,GUATEMALA OCCIDENTE
01-08-0438-44,01-409,GUATEMALA,MIXCO,COLEGIO EN COMPUTACIÓN SAN JOSÉ NO. 1,"3A. CALLE 14-95 ZONA 3, COLONIA NUEVA MONTSERRAT",51008683,DELMY CONSUELO GARCIA DONIS DE GOMEZ,THELMA PATRICIA HURTADO ZUÑIGA,PRIMARIA DE ADULTOS,PRIVADO,URBANA,CERRADA TEMPORALMENTE,MONOLINGUE,DOBLE,FIN DE SEMANA,GUATEMALA OCCIDENTE
01-08-0452-44,01-409,GUATEMALA,MIXCO,COLEGIO HISPANO GUATEMALTECO FINDE,"9A CALLE 7-30 ZONA 3, COLONIA NUEVA MONTSERRAT",24333690,DELMY CONSUELO GARCIA DONIS DE GOMEZ,VICTOR MANUEL HERRERA GALINDO,PRIMARIA DE ADULTOS,PRIVADO,URBANA,ABIERTA,MONOLINGUE,DOBLE,FIN DE SEMANA,GUATEMALA OCCIDENTE
01-08-0464-44,01-639,GUATEMALA,MIXCO,LICEO CANADIENSE SOCIEDAD ANÓNIMA,9A. AVENIDA 0-55 ZONA 2 COLONIA ALVARADO,23750061,ANDREA VANESSA ALDANA VILLAGRAN DE CASTRO,SUSAN GLORIANA SALAZAR FIGUEROA,PRIMARIA DE ADULTOS,PRIVADO,URBANA,ABIERTA,MONOLINGUE,DOBLE,A DISTANCIA,GUATEMALA OCCIDENTE
01-08-0541-44,01-409,GUATEMALA,MIXCO,CENTRO INTEGRAL EDUCATIVO SAN FRANCISCO,"0 AVENIDA ""B"" 5-55 COLONIA MONTSERRAT I ZONA 4",55086336,DELMY CONSUELO GARCIA DONIS DE GOMEZ,VILMA ISABEL OROZCO LOPEZ DE RAMIREZ,PRIMARIA DE ADULTOS,PRIVADO,URBANA,CERRADA TEMPORALMENTE,MONOLINGUE,DOBLE,FIN DE SEMANA,GUATEMALA OCCIDENTE
01-08-0542-44,01-409,GUATEMALA,MIXCO,CENTRO INTEGRAL EDUCATIVO SAN FRANCISCO,"0 AVENIDA ""B"" 5-55 COLONIA MONTSERRAT I ZONA 4",55086336,DELMY CONSUELO GARCIA DONIS DE GOMEZ,VILMA ISABEL ORÓZCO LÓPEZ DE RAMÍREZ,PRIMARIA DE ADULTOS,PRIVADO,URBANA,ABIERTA,MONOLINGUE,DOBLE,FIN DE SEMANA,GUATEMALA OCCIDENTE
01-08-0572-44,01-603,GUATEMALA,MIXCO,LICEO TÉCNICO INTERAMERICANO,4A. CALLE 4-39 C ZONA 1,51254491,ROSA ALBELIA ARDON DE MOTTA,ANA LUISA ALVARADO SÁNCHEZ,PRIMARIA DE ADULTOS,PRIVADO,URBANA,CERRADA TEMPORALMENTE,MONOLINGUE,DOBLE,FIN DE SEMANA,GUATEMALA OCCIDENTE
01-08-0590-44,01-603,GUATEMALA,MIXCO,CENTRO EDUCATIVO SANTANDER DE MIXCO,8A. AVENIDA 0-62 ZONA 1,44279767,ROSA ALBELIA ARDON DE MOTTA,JOSÉ DAVID FRANCISCO GARCIA GARMA,PRIMARIA DE ADULTOS,PRIVADO,URBANA,ABIERTA,MONOLINGUE,DOBLE,FIN DE SEMANA,GUATEMALA OCCIDENTE
01-08-0646-44,01-409,GUATEMALA,MIXCO,CENTRO EDUCATIVO HOSANNA,"6A. AVENIDA 22-44, SECTOR 2, SAN JOSE LA COMUNIDAD ZONA 10",24338676,DELMY CONSUELO GARCIA DONIS DE GOMEZ,YOSER ADONAI CANO TORRES,PRIMARIA DE ADULTOS,PRIVADO,URBANA,ABIERTA,MONOLINGUE,DOBLE,FIN DE SEMANA,GUATEMALA OCCIDENTE
01-08-0656-44,01-639,GUATEMALA,MIXCO,LICEO TÉCNICO INTERAMERICANO,4A. CALLE 4-39 C ZONA 1,24335021,ANDREA VANESSA ALDANA VILLAGRAN DE CASTRO,ANA LUISA ALVARADO SÁNCHEZ DE LAJUJ,PRIMARIA DE ADULTOS,PRIVADO,URBANA,CERRADA TEMPORALMENTE,MONOLINGUE,DOBLE,A DISTANCIA,GUATEMALA OCCIDENTE
01-08-0716-44,01-639,GUATEMALA,MIXCO,COLEGIO NAKBÉ,14 AVENIDA 0-81 B ZONA 2 URBANIZACION GONZALEZ,22323194,ANDREA VANESSA ALDANA VILLAGRAN DE CASTRO,CAROLINA BEATRIZ GÓMEZ GONZÁLEZ,PRIMARIA DE ADULTOS,PRIVADO,URBANA,ABIERTA,MONOLINGUE,DOBLE,SEMIPRESENCIAL,GUATEMALA OCCIDENTE
01-08-0839-44,01-603,GUATEMALA,MIXCO,EOPA NO.30,"44 AVENIDA 1-67 COLONIA EL TESORO, ZONA 2",47595492,ROSA ALBELIA ARDON DE MOTTA,,PRIMARIA DE ADULTOS,OFICIAL,URBANA,ABIERTA,MONOLINGUE,NOCTURNA,DIARIO(REGULAR),GUATEMALA OCCIDENTE
01-08-1677-44,01-409,GUATEMALA,MIXCO,ESCUELA OFICIAL PARA ADULTOS NO.25 MIGUEL ASTURIAS QUIÑONEZ,3A CALLE A 2-02 COLONIA MONTE VERDE ZONA 4,58839519,DELMY CONSUELO GARCIA DONIS DE GOMEZ,,PRIMARIA DE ADULTOS,OFICIAL,URBANA,ABIERTA,MONOLINGUE,NOCTURNA,DIARIO(REGULAR),GUATEMALA OCCIDENTE
01-08-1678-44,01-603,GUATEMALA,MIXCO,ESCUELA OFICIAL PARA ADULTOS NO.40 EL MILAGRO,"SECTOR T LOTE 206 COLONIA EL MILAGRO ZONA 6, MIXCO, GUATEMALA",45485853,ROSA ALBELIA ARDON DE MOTTA,,PRIMARIA DE ADULTOS,OFICIAL,URBANA,ABIERTA,MONOLINGUE,NOCTURNA,DIARIO(REGULAR),GUATEMALA OCCIDENTE
01-08-1679-44,01-404,GUATEMALA,MIXCO,ESCUELA OFICIAL PARA ADULTOS NO.32,"5A AVE. ENTRE 12 Y 13 CALLE COLONIA 1RO. DE JULIO ZONA 5, MIXCO, GUATEMALA",,ORLANDO ERCILIO GIRON ALVAREZ,,PRIMARIA DE ADULTOS,OFICIAL,URBANA,CERRADA TEMPORALMENTE,MONOLINGUE,NOCTURNA,DIARIO(REGULAR),GUATEMALA OCCIDENTE
01-08-1680-44,01-603,GUATEMALA,MIXCO,ESCUELA OFICIAL PARA ADULTOS NO.50,BOULEVARD EL CAMINERO COLONIA CAROLINGIA ZONA 6,,ROSA ALBELIA ARDON DE MOTTA,,PRIMARIA DE ADULTOS,OFICIAL,URBANA,ABIERTA,MONOLINGUE,NOCTURNA,DIARIO(REGULAR),GUATEMALA OCCIDENTE
01-08-1681-44,01-603,GUATEMALA,MIXCO,ESCUELA OFICIAL PARA ADULTOS NO.36,AVE. FEDERAL ZONA 1,59598003,ROSA ALBELIA ARDON DE MOTTA,,PRIMARIA DE ADULTOS,OFICIAL,URBANA,ABIERTA,MONOLINGUE,NOCTURNA,DIARIO(REGULAR),GUATEMALA OCCIDENTE
01-08-1682-44,01-603,GUATEMALA,MIXCO,ESCUELA OFICIAL NOCTURNA JARDINES DE SAN JUAN,4A. CALLE FINAL ZONA 7 COLONIA LA BRIGADA,24314806,ROSA ALBELIA ARDON DE MOTTA,,PRIMARIA DE ADULTOS,OFICIAL,URBANA,ABIERTA,MONOLINGUE,NOCTURNA,DIARIO(REGULAR),GUATEMALA OCCIDENTE
01-08-1683-44,01-409,GUATEMALA,MIXCO,ESCUELA OFICIAL PARA ADULTOS NO.56,COLONIA BERLIN ALDEA LO DE COY,58437700,DELMY CONSUELO GARCIA DONIS DE GOMEZ,GLORIA ARGENTINA MUÑOZ ELIAS,PRIMARIA DE ADULTOS,OFICIAL,RURAL,ABIERTA,MONOLINGUE,NOCTURNA,DIARIO(REGULAR),GUATEMALA OCCIDENTE
01-08-1831-44,01-401,GUATEMALA,MIXCO,ESCUELA OFICIAL PARA ADULTOS NO.47 LOS GORRIONES,KM. 19.5 CARRETERA A SAN JUAN SACATEPEQUEZ ALDEA EL NARANJITO,24334153,IXMUCANE ALDANA VILLAVICENCIO,,PRIMARIA DE ADULTOS,OFICIAL,RURAL,CERRADA TEMPORALMENTE,MONOLINGUE,VESPERTINA,DIARIO(REGULAR),GUATEMALA OCCIDENTE
01-08-2816-44,01-603,GUATEMALA,MIXCO,COLEGIO MIXTO JUSTO RUFINO BARRIOS,"6 AV. B 14-40 COLONIA 1ERO DE JULIO, ZONA 5",24359865,ROSA ALBELIA ARDON DE MOTTA,,PRIMARIA DE ADULTOS,PRIVADO,URBANA,ABIERTA,MONOLINGUE,DOBLE,FIN DE SEMANA,GUATEMALA OCCIDENTE
01-08-4336-44,25-000,GUATEMALA,MIXCO,INSTITUTO GUATEMALTECO DE EDUCACION RADIOFONICA,7AV. 0-81 EL TESORO ZONA 2,,SONIA HAYDEE REYES MONTERROSO,,PRIMARIA DE ADULTOS,PRIVADO,URBANA,CERRADA TEMPORALMENTE,MONOLINGUE,MATUTINA,A DISTANCIA,GUATEMALA OCCIDENTE
01-08-7236-44,01-410,GUATEMALA,MIXCO,COLEGIO 'FUTURO AMANECER',"8A. CALLE 28-85 ZONA 4, BOSQUES DE SAN NICOLAS",,CEDWIN EUGENIO CRUZ BUCARO,,PRIMARIA DE ADULTOS,PRIVADO,URBANA,CERRADA TEMPORALMENTE,MONOLINGUE,DOBLE,FIN DE SEMANA,GUATEMALA OCCIDENTE
01-08-7418-44,01-410,GUATEMALA,MIXCO,COLEGIO SAN CRIS,17 AVE. B 1-23 ZONA 8 CIUDAD SAN CRISTOBAL,,CEDWIN EUGENIO CRUZ BUCARO,,PRIMARIA DE ADULTOS,PRIVADO,URBANA,CERRADA TEMPORALMENTE,MONOLINGUE,VESPERTINA,FIN DE SEMANA,GUATEMALA OCCIDENTE
01-08-7689-44,01-406,GUATEMALA,MIXCO,CENTRO EDUCATIVO EFICIENCIA,ALDEA LO DE COY,5944312-5986774,MIGUEL ALVARO RODRIGUEZ PORTILLO,,PRIMARIA DE ADULTOS,PRIVADO,RURAL,CERRADA TEMPORALMENTE,MONOLINGUE,DOBLE,FIN DE SEMANA,GUATEMALA OCCIDENTE
01-08-7779-44,01-412,GUATEMALA,MIXCO,LICEO COMERCIAL TECNOLOGICO 'EL RODEO',2A. AVE. 4-95 MONTSERRAT I ZONA 4,24378339,JUAN ALBERTO CASTAÑEDA JUAREZ,,PRIMARIA DE ADULTOS,PRIVADO,URBANA,CERRADA TEMPORALMENTE,MONOLINGUE,DOBLE,FIN DE SEMANA,GUATEMALA OCCIDENTE
01-08-7825-44,01-410,GUATEMALA,MIXCO,CENTRO EDUCATIVO DE MUJERES MAYAS TRABAJADORAS,"34 AVENIDA 13-50, BOSQUES DE SAN NICOLAS ZONA 4",24343906,CEDWIN EUGENIO CRUZ BUCARO,,PRIMARIA DE ADULTOS,PRIVADO,URBANA,CERRADA TEMPORALMENTE,BILINGUE,DOBLE,FIN DE SEMANA,GUATEMALA OCCIDENTE
01-08-7952-44,01-409,GUATEMALA,MIXCO,COLEGIO IXMUCANE,"6A. CALLE 7-12, COLONIA NUEVA MONTSERRAT ZONA 3",24375856,DELMY CONSUELO GARCIA DONIS DE GOMEZ,SILVIA LUCRECIA GARCIA MOYA,PRIMARIA DE ADULTOS,PRIVADO,URBANA,ABIERTA,MONOLINGUE,DOBLE,FIN DE SEMANA,GUATEMALA OCCIDENTE
01-08-8367-44,01-409,GUATEMALA,MIXCO,COLEGIO CENTRO ROSSEL EDUCATIVO,10 AV. 9-55 ZONA 3 MIXCO NUEVA MONSERRAT,24325593,DELMY CONSUELO GARCIA DONIS DE GOMEZ,MARTA JOVITA MALTEZ AYALA,PRIMARIA DE ADULTOS,PRIVADO,URBANA,ABIERTA,MONOLINGUE,MATUTINA,FIN DE SEMANA,GUATEMALA OCCIDENTE
01-08-8391-44,01-409,GUATEMALA,MIXCO,CENTRO DE FORMACION EDUCATIVA SIERVAS DE SAN JOSE,"4A. CALLE 12-50 COLONIA MONTE REAL II, ZONA 4",24315770,DELMY CONSUELO GARCIA DONIS DE GOMEZ,TELMA AURORA CONTRERAS ESTRADA,PRIMARIA DE ADULTOS,PRIVADO,URBANA,ABIERTA,MONOLINGUE,DOBLE,FIN DE SEMANA,GUATEMALA OCCIDENTE
01-08-8566-44,01-606,GUATEMALA,MIXCO,COLEGIO CRISTIANO 'LA CUSPIDE',21 CALLE 17-82 COLONIA MINERVA ZONA 11,24830314,MARIA ISABEL OLIVA NAJERA,,PRIMARIA DE ADULTOS,PRIVADO,URBANA,CERRADA TEMPORALMENTE,MONOLINGUE,MATUTINA,FIN DE SEMANA,GUATEMALA OCCIDENTE
01-08-8631-44,01-603,GUATEMALA,MIXCO,CENTRO DE DESARROLLO EDUCATIVO SAN JOSE,7A. CALLE 4-09 JARDINES DE SAN JUAN II ZONA 7 MIXCO,24329922,ROSA ALBELIA ARDON DE MOTTA,,PRIMARIA DE ADULTOS,PRIVADO,URBANA,ABIERTA,MONOLINGUE,DOBLE,FIN DE SEMANA,GUATEMALA OCCIDENTE
01-08-8713-44,01-410,GUATEMALA,MIXCO,CENTRO EDUCATIVO 'CAMAS OLYMPIA',"48 AVENIDA 1-56, COLONIA EL ROSARIO, ZONA 3",23841000,CEDWIN EUGENIO CRUZ BUCARO,,PRIMARIA DE ADULTOS,PRIVADO,URBANA,CERRADA TEMPORALMENTE,MONOLINGUE,DOBLE,FIN DE SEMANA,GUATEMALA OCCIDENTE
01-08-9195-44,01-409,GUATEMALA,MIXCO,COLEGIO CRISTIANO ELIM,3A. AV. 11-42 COLONIA EL ROSARIO ZONA 3,24370113,DELMY CONSUELO GARCIA DONIS DE GOMEZ,MARIA DEL CARMEN GONZALEZ ALVAREZ DE MARTINEZ,PRIMARIA DE ADULTOS,PRIVADO,URBANA,ABIERTA,MONOLINGUE,DOBLE,FIN DE SEMANA,GUATEMALA OCCIDENTE
01-08-9346-44,01-409,GUATEMALA,MIXCO,COLEGIO CRISTIANO JESUS DE NAZARETH,3A CALLE 5-30 ZONA 3 COLONIA NUEVA MONSERRAT,24310466,DELMY CONSUELO GARCIA DONIS DE GOMEZ,ENMA DIONICIA CULAJAY COTOL DE AYAPÁN,PRIMARIA DE ADULTOS,PRIVADO,URBANA,ABIERTA,MONOLINGUE,DOBLE,FIN DE SEMANA,GUATEMALA OCCIDENTE
01-08-9372-44,01-603,GUATEMALA,MIXCO,LICEO MIXTO EN COMPUTACION MONTELIMAR NO.2,4A. CALLE 3-02 ZONA 1,55340848,ROSA ALBELIA ARDON DE MOTTA,SCECIA ESTHER SIGUENSA CORADO,PRIMARIA DE ADULTOS,PRIVADO,URBANA,ABIERTA,MONOLINGUE,DOBLE,FIN DE SEMANA,GUATEMALA OCCIDENTE
01-08-9564-44,01-403,GUATEMALA,MIXCO,COLEGIO MIXTO 'SAN JUAN DIEGO',13 AVENIDA 15-31 ZONA 7 COLONIA SAN IGNACIO,24345902,CARLOS HUMBERTO GONZALEZ DE LEON,,PRIMARIA DE ADULTOS,PRIVADO,URBANA,CERRADA TEMPORALMENTE,MONOLINGUE,DOBLE,FIN DE SEMANA,GUATEMALA OCCIDENTE
01-08-9664-44,01-603,GUATEMALA,MIXCO,COLEGIO PROYECTO EDUCATIVO FUTURISTA,"4A. AVENIDA 1-86 COLONIA BELEN, ZONA 7",24314989-24310955,ROSA ALBELIA ARDON DE MOTTA,,PRIMARIA DE ADULTOS,PRIVADO,URBANA,ABIERTA,MONOLINGUE,DOBLE,FIN DE SEMANA,GUATEMALA OCCIDENTE
01-08-9670-44,01-603,GUATEMALA,MIXCO,COLEGIO MIXTO BILINGÜE BROOKLYN,LOTE 15 MANZANA A SECTOR A-1 BOULEVARD PRINCIPAL DE CIUDAD SAN CRISTOBAL ZONA 8,24784275,ROSA ALBELIA ARDON DE MOTTA,GRYSELDA RAMÍREZ BARRIENTOS DE IXCOPAL,PRIMARIA DE ADULTOS,PRIVADO,URBANA,ABIERTA,MONOLINGUE,DOBLE,FIN DE SEMANA,GUATEMALA OCCIDENTE
01-09-2421-44,01-612,GUATEMALA,SAN PEDRO SACATEPEQUEZ,ESCUELA OFICIAL PARA ADULTOS NO. 1815 JORNADA NOCTURNA,3A. CALLE 4-32 ZONA 1,59301630,SILVIA MAGALY GARCIA GARCIA,JUAN ALFREDO QUIYUCH CHIN,PRIMARIA DE ADULTOS,OFICIAL,URBANA,ABIERTA,MONOLINGUE,NOCTURNA,DIARIO(REGULAR),GUATEMALA OCCIDENTE
01-09-4332-44,25-000,GUATEMALA,SAN PEDRO SACATEPEQUEZ,INSTITUTO GUATEMALTECO DE EDUCACION RADIOFONICA,LOTE 91-C ALDEA BUENA VISTA,,SONIA HAYDEE REYES MONTERROSO,,PRIMARIA DE ADULTOS,PRIVADO,URBANA,CERRADA TEMPORALMENTE,MONOLINGUE,MATUTINA,A DISTANCIA,GUATEMALA OCCIDENTE
01-09-8031-44,01-612,GUATEMALA,SAN PEDRO SACATEPEQUEZ,INSTITUTO TECNICO PROFESIONAL EN COMPUTACION LUIS CARDOZA Y ARAGON,"LOTE NO. 06, CALLEJON AGUAS CALIENTES, 6A. CALLE FINAL ZONA 3",66296963,SILVIA MAGALY GARCIA GARCIA,JULIO CÉSAR ALEJANDRO LÓPEZ,PRIMARIA DE ADULTOS,PRIVADO,URBANA,ABIERTA,MONOLINGUE,DOBLE,FIN DE SEMANA,GUATEMALA OCCIDENTE
01-09-8035-44,,GUATEMALA,SAN PEDRO SACATEPEQUEZ,INSTITUTO TECNICO PROFESIONAL EN COMPUTACION 'LUIS CARDOZA Y ARAGON',6A. AV. 'A' 9-17 ZONA 2,,,,PRIMARIA DE ADULTOS,PRIVADO,URBANA,CERRADA TEMPORALMENTE,MONOLINGUE,VESPERTINA,FIN DE SEMANA,GUATEMALA OCCIDENTE
01-10-0077-44,01-401,GUATEMALA,SAN JUAN SACATEPEQUEZ,COLEGIO INTELIGENCIAS MULTIPLES,"7A. AVENIDA 4-11, ZONA 2",66303583,IXMUCANE ALDANA VILLAVICENCIO,OSCAR ESTUARDO LUNA ORTIZ,PRIMARIA DE ADULTOS,PRIVADO,URBANA,ABIERTA,MONOLINGUE,MATUTINA,FIN DE SEMANA,GUATEMALA OCCIDENTE
01-10-0131-44,01-410,GUATEMALA,SAN JUAN SACATEPEQUEZ,CENTRO EDUCATIVO INTEGRAL MI MUNDO,"MANZANA ""M"" CASAS 4 Y 5 LINDA VISTA I",40689568,CEDWIN EUGENIO CRUZ BUCARO,ALMA YADIRA HERNANDEZ FERNANDEZ,PRIMARIA DE ADULTOS,PRIVADO,RURAL,CERRADA TEMPORALMENTE,MONOLINGUE,DOBLE,FIN DE SEMANA,GUATEMALA OCCIDENTE
01-10-0140-44,01-410,GUATEMALA,SAN JUAN SACATEPEQUEZ,COLEGIO MIXTO JARDINES DE SAN GABRIEL,"SECTOR B, CASAS 7 Y 8, CONDOMINIO JARDINES DE SAN GABRIEL KM. 22.5",24504007,CEDWIN EUGENIO CRUZ BUCARO,MADELINE LORENA SANDOVAL,PRIMARIA DE ADULTOS,PRIVADO,URBANA,ABIERTA,MONOLINGUE,DOBLE,FIN DE SEMANA,GUATEMALA OCCIDENTE
01-10-0156-44,01-410,GUATEMALA,SAN JUAN SACATEPEQUEZ,COLEGIO INTEGRAL TECNOLOGICO CIENTIFICO CITEC,LOTE 11 MANZANA H SECTOR 3-B COLONIA EL EDEN,48429717,CEDWIN EUGENIO CRUZ BUCARO,OSCAR RODOLFO GARZA GARCIA,PRIMARIA DE ADULTOS,PRIVADO,URBANA,ABIERTA,MONOLINGUE,DOBLE,FIN DE SEMANA,GUATEMALA OCCIDENTE
01-10-0158-44,01-410,GUATEMALA,SAN JUAN SACATEPEQUEZ,COLEGIO MIXTO ATENAS,"5A. AVENIDA 6-13, ZONA 3",51268065,CEDWIN EUGENIO CRUZ BUCARO,VERONICA UBEDO CARRILLO,PRIMARIA DE ADULTOS,PRIVADO,URBANA,ABIERTA,MONOLINGUE,MATUTINA,FIN DE SEMANA,GUATEMALA OCCIDENTE
01-10-0230-44,01-410,GUATEMALA,SAN JUAN SACATEPEQUEZ,COLEGIO MIXTO EL BUEN PASTOR,LOTE 36 Y 37 CALLE EL JOCOTILLO LO DE CARRANZA,47619570,CEDWIN EUGENIO CRUZ BUCARO,RITA VERÓNICA RIVERA VÁSQUEZ,PRIMARIA DE ADULTOS,PRIVADO,RURAL,CERRADA TEMPORALMENTE,MONOLINGUE,DOBLE,FIN DE SEMANA,GUATEMALA OCCIDENTE
01-10-0273-44,01-639,GUATEMALA,SAN JUAN SACATEPEQUEZ,COLEGIO TECNOLOGICO GUATEMALTECO EDU,8A. AVENIDA 8-05 ZONA 1,53735434,ANDREA VANESSA ALDANA VILLAGRAN DE CASTRO,CLAUDIA GRICELDA VARGAS CHOY,PRIMARIA DE ADULTOS,PRIVADO,URBANA,ABIERTA,MONOLINGUE,DOBLE,SEMIPRESENCIAL,GUATEMALA OCCIDENTE
01-10-4334-44,25-000,GUATEMALA,SAN JUAN SACATEPEQUEZ,INSTITUTO GUATEMALTECO DE EDUCACION RADIOFONICA,COLONIA LOS ROBLES,,SONIA HAYDEE REYES MONTERROSO,,PRIMARIA DE ADULTOS,PRIVADO,URBANA,CERRADA TEMPORALMENTE,MONOLINGUE,MATUTINA,A DISTANCIA,GUATEMALA OCCIDENTE
01-10-9221-44,01-410,GUATEMALA,SAN JUAN SACATEPEQUEZ,EOPA,2A. CALLE 8-34 ZONA 2,42158335,CEDWIN EUGENIO CRUZ BUCARO,JULIO CESAR PIRIR PIRIR,PRIMARIA DE ADULTOS,OFICIAL,URBANA,ABIERTA,MONOLINGUE,NOCTURNA,DIARIO(REGULAR),GUATEMALA OCCIDENTE
01-11-4337-44,25-000,GUATEMALA,SAN RAYMUNDO,INSTITUTO GUATEMALTECO DE EDUCACION RADIOFONICA,ALDEA EL CIPRES,,SONIA HAYDEE REYES MONTERROSO,,PRIMARIA DE ADULTOS,PRIVADO,URBANA,CERRADA TEMPORALMENTE,MONOLINGUE,MATUTINA,A DISTANCIA,GUATEMALA OCCIDENTE
01-12-0017-44,01-614,GUATEMALA,CHUARRANCHO,INSTITUTO NACIONAL DE EDUCACION PROFESOR JERVIN ARSENIO FIGUEROA DUBON,CANTON CENTRAL,40109001,JERVIN ARSENIO FIGUEROA DUBON,ZOILA XOT TOCAY,PRIMARIA DE ADULTOS,OFICIAL,URBANA,ABIERTA,MONOLINGUE,DOBLE,FIN DE SEMANA,GUATEMALA NORTE
01-13-0044-44,01-508,GUATEMALA,FRAIJANES,LICEO DE COMPUTACION SIGLO 21 NO. 2,1A. AVENIDA 2-150 ZONA 1,66379900,MANUEL MARIA CANO CASTRO,GINA TERESITA LEMUS ORTIZ,PRIMARIA DE ADULTOS,PRIVADO,URBANA,CERRADA TEMPORALMENTE,MONOLINGUE,DOBLE,FIN DE SEMANA,GUATEMALA ORIENTE
01-13-1875-44,01-404,GUATEMALA,FRAIJANES,EOPA NO.46 ISMAEL CERNA,GRANJA PENAL PAVON,66341497,ORLANDO ERCILIO GIRON ALVAREZ,,PRIMARIA DE ADULTOS,OFICIAL,RURAL,CERRADA TEMPORALMENTE,MONOLINGUE,VESPERTINA,DIARIO(REGULAR),GUATEMALA ORIENTE
01-13-1876-44,01-632,GUATEMALA,FRAIJANES,EOPA SANTA MARIA EUFRASIA PELLETIER,FINCA PAVON,66341154,ALMA ROSA MARQUEZ ROSALES,,PRIMARIA DE ADULTOS,OFICIAL,RURAL,ABIERTA,MONOLINGUE,MATUTINA,DIARIO(REGULAR),GUATEMALA ORIENTE
01-14-2689-44,01-411,GUATEMALA,AMATITLAN,EOPA NO.37,"7A, CALLE, 7-35 BARRIO HOSPITAL",66335320,JUAN ENRIQUE MARTINEZ SOLANO,MARCO ANTONIO SOTO PEREIRA,PRIMARIA DE ADULTOS,OFICIAL,URBANA,ABIERTA,MONOLINGUE,NOCTURNA,DIARIO(REGULAR),GUATEMALA SUR
01-14-2990-44,,GUATEMALA,AMATITLAN,ESCUELA PRIVADA PARA ADULTOS 'LICEO CRISTIANO ANTIOQUIA',"5A. AV. FINAL 15-57, CANTON 'EL INGENIO'",,,,PRIMARIA DE ADULTOS,PRIVADO,URBANA,CERRADA TEMPORALMENTE,MONOLINGUE,NOCTURNA,DIARIO(REGULAR),GUATEMALA SUR
01-14-4330-44,25-000,GUATEMALA,AMATITLAN,INSTITUTO GUATEMALTECO DE EDUCACION RADIOFONICA,JARDINES MIL FLORES,,SONIA HAYDEE REYES MONTERROSO,,PRIMARIA DE ADULTOS,PRIVADO,URBANA,CERRADA TEMPORALMENTE,MONOLINGUE,VESPERTINA,A DISTANCIA,GUATEMALA SUR
01-14-6825-44,01-411,GUATEMALA,AMATITLAN,LICEO CRISTIANO BETH SHALOM,CALZADA ASIOLE,66334501,JUAN ENRIQUE MARTINEZ SOLANO,,PRIMARIA DE ADULTOS,PRIVADO,URBANA,ABIERTA,MONOLINGUE,NOCTURNA,DIARIO(REGULAR),GUATEMALA SUR
01-14-8916-44,01-411,GUATEMALA,AMATITLAN,LICEO GUATEMALTECO,4A. AVENIDA 12-131 CANTON INGENIO,66336455,JUAN ENRIQUE MARTINEZ SOLANO,,PRIMARIA DE ADULTOS,PRIVADO,URBANA,CERRADA TEMPORALMENTE,MONOLINGUE,DOBLE,SABATINO,GUATEMALA SUR
01-14-9006-44,01-411,GUATEMALA,AMATITLAN,COLEGIO 'MEDALLA MILAGROSA',8A. CALLE 4-20,66335468,JUAN ENRIQUE MARTINEZ SOLANO,,PRIMARIA DE ADULTOS,PRIVADO,URBANA,CERRADA TEMPORALMENTE,MONOLINGUE,DOBLE,DIARIO(REGULAR),GUATEMALA SUR
01-14-9069-44,01-411,GUATEMALA,AMATITLAN,COLEGIO CRISTIANO CAMINO DE VIDA,LOTE 17 SECCION C COLONIA SAN JORGE,66332734,JUAN ENRIQUE MARTINEZ SOLANO,,PRIMARIA DE ADULTOS,PRIVADO,URBANA,CERRADA TEMPORALMENTE,MONOLINGUE,MATUTINA,FIN DE SEMANA,GUATEMALA SUR
01-14-9655-44,01-411,GUATEMALA,AMATITLAN,COLEGIO CRISTIANO MIXTO EL RENUEVO,SECTOR F C12 COLONIA LAS MARGARITAS,66333309,JUAN ENRIQUE MARTINEZ SOLANO,,PRIMARIA DE ADULTOS,PRIVADO,URBANA,CERRADA TEMPORALMENTE,MONOLINGUE,DOBLE,FIN DE SEMANA,GUATEMALA SUR
01-14-9705-44,01-411,GUATEMALA,AMATITLAN,COLEGIO PEDAGOGICO INTEGRAL ALBORADA,4A. AVENIDA 10-57 CANTON EL ROSARIO,66336268,JUAN ENRIQUE MARTINEZ SOLANO,,PRIMARIA DE ADULTOS,PRIVADO,URBANA,ABIERTA,MONOLINGUE,DOBLE,FIN DE SEMANA,GUATEMALA SUR
01-14-9740-44,01-411,GUATEMALA,AMATITLAN,LICEO MIXTO CRISTIANO JIREH,"3A. AVENIDA 2-45, VILLA ALBORADA",66332946,JUAN ENRIQUE MARTINEZ SOLANO,MANUELA EDELMIRA VASQUEZ RAMIREZ,PRIMARIA DE ADULTOS,PRIVADO,URBANA,ABIERTA,MONOLINGUE,DOBLE,FIN DE SEMANA,GUATEMALA SUR
01-15-0006-44,01-411,GUATEMALA,VILLA NUEVA,COLEGIO CRISTIANO PENIEL PERONIA,3A. CALLE 7-70 ZONA 1,66364057,JUAN ENRIQUE MARTINEZ SOLANO,LORENZO GARCIA GAITÁN,PRIMARIA DE ADULTOS,PRIVADO,URBANA,ABIERTA,MONOLINGUE,DOBLE,FIN DE SEMANA,GUATEMALA SUR
01-15-0129-44,01-207,GUATEMALA,VILLA NUEVA,ESCUELA PARA ADULTOS CON FORMACION PARA EL TRABAJO DEBORA,"SECTOR I, LOTE 173, VILLA LOBOS II, ANEXO",42149311,LUZ ANTONIA POCON CARRILLO,EUGENIA NINETH COLOMA LOPEZ,PRIMARIA DE ADULTOS,PRIVADO,URBANA,CERRADA TEMPORALMENTE,MONOLINGUE,VESPERTINA,DIARIO(REGULAR),GUATEMALA SUR
01-15-0167-44,01-411,GUATEMALA,VILLA NUEVA,INSTITUTO MIXTO PRIVADO JUAN GERARDI,"2A. AVENIDA 1-29 COLONIA BETANCOURT, ZONA 4",66310390,JUAN ENRIQUE MARTINEZ SOLANO,ROSA GARCIA SOCOP,PRIMARIA DE ADULTOS,PRIVADO,URBANA,ABIERTA,MONOLINGUE,DOBLE,FIN DE SEMANA,GUATEMALA SUR
01-15-0192-44,01-411,GUATEMALA,VILLA NUEVA,COLEGIO MIXTO MARTA MARIA,"3A. CALLE 9-98, ZONA 1",66361145,JUAN ENRIQUE MARTINEZ SOLANO,ERWIN RENE MORALES BARRIENTOS,PRIMARIA DE ADULTOS,PRIVADO,URBANA,CERRADA TEMPORALMENTE,MONOLINGUE,NOCTURNA,DIARIO(REGULAR),GUATEMALA SUR
01-15-0196-44,01-411,GUATEMALA,VILLA NUEVA,COLEGIO MIXTO MARTA MARIA,"3A. CALLE 9-98, ZONA 1",66310065,JUAN ENRIQUE MARTINEZ SOLANO,CANDICE MARIA HERNANDEZ LUNA,PRIMARIA DE ADULTOS,PRIVADO,URBANA,ABIERTA,MONOLINGUE,DOBLE,FIN DE SEMANA,GUATEMALA SUR
01-15-0219-44,01-411,GUATEMALA,VILLA NUEVA,CENTRO EDUCATIVO JOSE MILLA Y VIDAURRE,2 CALLE 2-43 ZONA 1,66364010,JUAN ENRIQUE MARTINEZ SOLANO,EMMA MARINA VARGAS CORONA,PRIMARIA DE ADULTOS,PRIVADO,URBANA,ABIERTA,MONOLINGUE,DOBLE,FIN DE SEMANA,GUATEMALA SUR
01-15-0468-44,01-641,GUATEMALA,VILLA NUEVA,ESCUELA PARA ADULTOS CON FORMACIÓN PARA EL TRABAJO DEBORA,"SECTOR I, LOTE 173, VILLA LOBOS II, ANEXO",24798589,SERGIO ALEJANDRO VILLATORO VILLAGRAN,EUGENIA NINETH COLOMA LOPEZ,PRIMARIA DE ADULTOS,PRIVADO,URBANA,ABIERTA,MONOLINGUE,DOBLE,FIN DE SEMANA,GUATEMALA SUR
01-15-0498-44,01-630,GUATEMALA,VILLA NUEVA,CENTRO EDUCATIVO INTELLECTUS PRE-UNIVERSITARIO,"BOULEVARD EL FRUTAL 14-00 CENTRO COMERCIAL EL FRUTAL, TERCER NIVEL, ZONA 5",66404710,ARGELIA DE JESUS ACOSTA SOZA,EVA JUDITH HERNANDEZ MARQUEZ,PRIMARIA DE ADULTOS,PRIVADO,URBANA,ABIERTA,MONOLINGUE,DOBLE,FIN DE SEMANA,GUATEMALA SUR
01-15-2050-44,01-641,GUATEMALA,VILLA NUEVA,ESCUELA OFICIAL PARA ADULTOS NO.53,10 CALLE 7-60 COLONIA EL MEZQUITAL.,47272533,SERGIO ALEJANDRO VILLATORO VILLAGRAN,,PRIMARIA DE ADULTOS,OFICIAL,URBANA,ABIERTA,MONOLINGUE,NOCTURNA,DIARIO(REGULAR),GUATEMALA SUR
01-15-2051-44,01-641,GUATEMALA,VILLA NUEVA,EOPA NO.38 QUIRINA TASSI DE AGOSTINI,6A.AVENIDA MANZANA 18 CIUDAD REAL I ZONA 12,,SERGIO ALEJANDRO VILLATORO VILLAGRAN,,PRIMARIA DE ADULTOS,OFICIAL,URBANA,ABIERTA,MONOLINGUE,NOCTURNA,DIARIO(REGULAR),GUATEMALA SUR
01-15-2895-44,01-411,GUATEMALA,VILLA NUEVA,EOPA NO.35,1A. CALLE Y 5A. AVENIDA 5-58 ZONA 4,47505762,JUAN ENRIQUE MARTINEZ SOLANO,,PRIMARIA DE ADULTOS,OFICIAL,URBANA,ABIERTA,MONOLINGUE,NOCTURNA,DIARIO(REGULAR),GUATEMALA SUR
01-15-2896-44,01-641,GUATEMALA,VILLA NUEVA,"ESCUELAS NOCTURA PARA ADULTOS #58, VILLALOBOS I","3A AVE. 32-10 ZONA 12, COLONIA VILLA LOBOS I",59631932,SERGIO ALEJANDRO VILLATORO VILLAGRAN,,PRIMARIA DE ADULTOS,OFICIAL,URBANA,ABIERTA,MONOLINGUE,NOCTURNA,DIARIO(REGULAR),GUATEMALA SUR
01-15-4341-44,25-000,GUATEMALA,VILLA NUEVA,INSTITUTO GUATEMALTECO DE EDUCACION RADIOFONICA,LAS ETERNA PRIMAVERA,,SONIA HAYDEE REYES MONTERROSO,,PRIMARIA DE ADULTOS,PRIVADO,URBANA,CERRADA TEMPORALMENTE,MONOLINGUE,MATUTINA,A DISTANCIA,GUATEMALA SUR
01-15-7063-44,01-411,GUATEMALA,VILLA NUEVA,LICEO MIXTO CRISTIANO 'PIAGET',"2A. AV. 4-60 ZONA 12, CIUDAD REAL I",42190100,JUAN ENRIQUE MARTINEZ SOLANO,,PRIMARIA DE ADULTOS,PRIVADO,URBANA,ABIERTA,MONOLINGUE,VESPERTINA,FIN DE SEMANA,GUATEMALA SUR
01-15-7198-44,01-411,GUATEMALA,VILLA NUEVA,CENTRO EDUCATIVO 'AMOR Y ENSEÑANZA',"12 AVENIDA 8-95 ZONA 3, BARCENAS",55956939,JUAN ENRIQUE MARTINEZ SOLANO,,PRIMARIA DE ADULTOS,PRIVADO,URBANA,CERRADA TEMPORALMENTE,MONOLINGUE,VESPERTINA,FIN DE SEMANA,GUATEMALA SUR
01-15-7699-44,01-411,GUATEMALA,VILLA NUEVA,COLEGIO RAFAEL AREVALO MARTINEZ,7A. AVE. 7-75 ZONA 3,66365660,JUAN ENRIQUE MARTINEZ SOLANO,,PRIMARIA DE ADULTOS,PRIVADO,RURAL,CERRADA TEMPORALMENTE,MONOLINGUE,VESPERTINA,FIN DE SEMANA,GUATEMALA SUR
01-15-7752-44,01-411,GUATEMALA,VILLA NUEVA,LICEO BILINGUE AMERICANO 'VERA ELISA',"9A. AVENIDA 1-60 ZONA 5, COLONIA EL FRUTAL",59901181,JUAN ENRIQUE MARTINEZ SOLANO,,PRIMARIA DE ADULTOS,PRIVADO,URBANA,CERRADA TEMPORALMENTE,MONOLINGUE,DOBLE,FIN DE SEMANA,GUATEMALA SUR
01-15-8256-44,01-219,GUATEMALA,VILLA NUEVA,COLEGIO MIXTO LA ESPERANZA DE PAZ,3A. AV. 3-06 ZONA 2,24506150,FLOR DE MARIA HERNANDEZ MOLINA,,PRIMARIA DE ADULTOS,PRIVADO,URBANA,CERRADA TEMPORALMENTE,MONOLINGUE,DOBLE,FIN DE SEMANA,GUATEMALA SUR
01-15-8399-44,01-413,GUATEMALA,VILLA NUEVA,COLEGIO BASICO MODERNO PARA COMPUTACION BM-PC,4TA. AVENIDA 6-16 ZONA 1,66312537,AMARILIS RIVAS MEJIA DE DIAZ,,PRIMARIA DE ADULTOS,PRIVADO,URBANA,CERRADA TEMPORALMENTE,MONOLINGUE,MATUTINA,FIN DE SEMANA,GUATEMALA SUR
01-16-0102-44,01-408,GUATEMALA,VILLA CANALES,"LICEO PROFESIONAL DE COMPUTACIÓN ""MANUEL GALICH""",2A. CALLE 3-61 ZONA 1 BOCA DEL MONTE,24480907,MANUEL MARIA CANO CASTRO,NIDIA MARLENI GONZÁLEZ REYES,PRIMARIA DE ADULTOS,PRIVADO,RURAL,CERRADA TEMPORALMENTE,MONOLINGUE,DOBLE,FIN DE SEMANA,GUATEMALA ORIENTE
01-16-0113-44,01-405,GUATEMALA,VILLA CANALES,LICEO MONTEGAL,4A. CALLE 3-30 ZONA 3 ALDEA BOCA DEL MONTE,24480675,BLANCA SARAI GUTIERREZ PINEDA,MAURINDA BEATRIZ MOLINA SARAVIA,PRIMARIA DE ADULTOS,PRIVADO,RURAL,ABIERTA,MONOLINGUE,DOBLE,FIN DE SEMANA,GUATEMALA ORIENTE
01-16-4339-44,25-000,GUATEMALA,VILLA CANALES,INSTITUTO GUATEMALTECO DE EDUCACION RADIOFONICA,CENTRO EDUCACIONAL BENEDICTINO,,SONIA HAYDEE REYES MONTERROSO,,PRIMARIA DE ADULTOS,PRIVADO,URBANA,CERRADA TEMPORALMENTE,MONOLINGUE,MATUTINA,A DISTANCIA,GUATEMALA ORIENTE
01-16-7526-44,,GUATEMALA,VILLA CANALES,COLEGIO CIENTIFICO CENTROAMERICANO C.C.C.,1A. AVE. NORTE 4-27 ZONA 2 ALDEA BOCA DEL MONTE,24480396,,,PRIMARIA DE ADULTOS,PRIVADO,URBANA,CERRADA TEMPORALMENTE,MONOLINGUE,DOBLE,FIN DE SEMANA,GUATEMALA ORIENTE
01-16-8869-44,01-405,GUATEMALA,VILLA CANALES,LICEO CENTROAMERICANO BOCA DEL MONTE,1A. CALLE 2-60 ZONA 1 BOCA DEL MONTE,44303549,BLANCA SARAI GUTIERREZ PINEDA,ALBERTO ANDRES MARTÍNEZ MUJ,PRIMARIA DE ADULTOS,PRIVADO,RURAL,ABIERTA,MONOLINGUE,DOBLE,FIN DE SEMANA,GUATEMALA ORIENTE
01-17-0018-44,01-641,GUATEMALA,SAN MIGUEL PETAPA,CENTRO EDUCATIVO INTEGRAL GUATEMALTECO,"3A. CALLE 4-51, ZONA 6 COLONIA LOS ALAMOS",44710600,SERGIO ALEJANDRO VILLATORO VILLAGRAN,MIRNA LISETTE AROCHE ROSALES DE FUENTES,PRIMARIA DE ADULTOS,PRIVADO,URBANA,ABIERTA,MONOLINGUE,DOBLE,FIN DE SEMANA,GUATEMALA SUR
01-17-0112-44,01-411,GUATEMALA,SAN MIGUEL PETAPA,CENTRO EDUCATIVO BERTRAND RUSSELL,"LOTE 1, MANZANA A, SECTOR II, VILLA HERMOSA II",24482194,JUAN ENRIQUE MARTINEZ SOLANO,MARIO FRANCISCO SEGURA SOLANO,PRIMARIA DE ADULTOS,PRIVADO,URBANA,ABIERTA,MONOLINGUE,DOBLE,FIN DE SEMANA,GUATEMALA SUR
01-17-0259-44,01-641,GUATEMALA,SAN MIGUEL PETAPA,"COLEGIO PREUNIVERSITARIO DEL SUR ""DOMINGO DE GUZMÁN""","1A. AVENIDA 2-71 ALDEA SANTA INÉS, ZONA 4",66269484,SERGIO ALEJANDRO VILLATORO VILLAGRAN,FRANCISCO RUBEN TOCA LETONA,PRIMARIA DE ADULTOS,PRIVADO,URBANA,ABIERTA,MONOLINGUE,DOBLE,DIARIO(REGULAR),GUATEMALA SUR
01-17-0260-44,01-641,GUATEMALA,SAN MIGUEL PETAPA,LICEO RICHMOND,"LOTE 26, MANZANA E, SECTOR 1, VILLA HERMOSA I",24826611,SERGIO ALEJANDRO VILLATORO VILLAGRAN,ELISALEN ESQUITE CAMPOS,PRIMARIA DE ADULTOS,PRIVADO,URBANA,ABIERTA,MONOLINGUE,DOBLE,FIN DE SEMANA,GUATEMALA SUR
01-17-7495-44,01-641,GUATEMALA,SAN MIGUEL PETAPA,CENTRO EDUCATIVO PERSONALIZADO NEZEEL,"CALLE PRINCIPAL 2-18, ZONA 4",66318403,SERGIO ALEJANDRO VILLATORO VILLAGRAN,,PRIMARIA DE ADULTOS,PRIVADO,URBANA,ABIERTA,MONOLINGUE,DOBLE,FIN DE SEMANA,GUATEMALA SUR
01-17-8114-44,01-406,GUATEMALA,SAN MIGUEL PETAPA,COLEGIO MIXTO NICTE,LOTE 45 MANZANA D SECTOR 10 PRADOS DE VILLA HERMOSA,24481320,MIGUEL ALVARO RODRIGUEZ PORTILLO,,PRIMARIA DE ADULTOS,PRIVADO,URBANA,CERRADA TEMPORALMENTE,MONOLINGUE,MATUTINA,FIN DE SEMANA,GUATEMALA SUR
01-17-9119-44,01-641,GUATEMALA,SAN MIGUEL PETAPA,LICEO EVANGELICO PRADOS DE VILLAHERMOSA,"LOTES 7,8,9,10 Y 11 MANZANA B SECTOR 11 PRADOS DE VILLAHERMOSA ZONA 7",24647039,SERGIO ALEJANDRO VILLATORO VILLAGRAN,,PRIMARIA DE ADULTOS,PRIVADO,URBANA,ABIERTA,MONOLINGUE,DOBLE,FIN DE SEMANA,GUATEMALA SUR
,,,,,,,,,,,,,,,,
,,,,,,,,,,,,,,,,
,,,,,,,,,,,,,,,,
